fixture_id,data_hora,status,casa_id,casa,fora_id,fora,competicao,rodada
555023,2026-10-08T00:30:00Z,IN_PLAY,1771,Cruzeiro EC,1776,São Paulo FC,Campeonato Brasileiro Série A,29
555028,2026-10-08T22:30:00Z,TIMED,6685,Santos FC,1783,CR Flamengo,Campeonato Brasileiro Série A,29
555020,2026-10-08T23:00:00Z,TIMED,1768,CA Paranaense,1766,CA Mineiro,Campeonato Brasileiro Série A,29
555024,2026-10-09T00:30:00Z,TIMED,1765,Fluminense FC,4241,Coritiba FBC,Campeonato Brasileiro Série A,29
555026,2026-10-09T00:30:00Z,TIMED,1769,SE Palmeiras,1777,EC Bahia,Campeonato Brasileiro Série A,29
555039,2026-10-10T21:00:00Z,TIMED,1780,CR Vasco da Gama,4287,Clube do Remo,Campeonato Brasileiro Série A,30
555038,2026-10-11T00:00:00Z,TIMED,1776,São Paulo FC,1782,EC Vitória,Campeonato Brasileiro Série A,30
555030,2026-10-11T19:00:00Z,TIMED,1766,CA Mineiro,6685,Santos FC,Campeonato Brasileiro Série A,30
555035,2026-10-11T20:30:00Z,TIMED,1783,CR Flamengo,1765,Fluminense FC,Campeonato Brasileiro Série A,30
555036,2026-10-11T20:30:00Z,TIMED,1767,Grêmio FBPA,6684,SC Internacional,Campeonato Brasileiro Série A,30
555037,2026-10-11T20:30:00Z,TIMED,1769,SE Palmeiras,1779,SC Corinthians Paulista,Campeonato Brasileiro Série A,30
555031,2026-10-11T22:30:00Z,TIMED,1777,EC Bahia,4364,Mirassol FC,Campeonato Brasileiro Série A,30
555034,2026-10-12T19:00:00Z,TIMED,4241,Coritiba FBC,1770,Botafogo FR,Campeonato Brasileiro Série A,30
555033,2026-10-12T22:30:00Z,TIMED,1772,Chapecoense AF,1768,CA Paranaense,Campeonato Brasileiro Série A,30
555032,2026-10-13T00:00:00Z,TIMED,4286,RB Bragantino,1771,Cruzeiro EC,Campeonato Brasileiro Série A,30
555047,2026-10-16T23:00:00Z,TIMED,4364,Mirassol FC,6684,SC Internacional,Campeonato Brasileiro Série A,31
555043,2026-10-17T21:00:00Z,TIMED,1770,Botafogo FR,1772,Chapecoense AF,Campeonato Brasileiro Série A,31
555041,2026-10-17T21:30:00Z,TIMED,1766,CA Mineiro,4241,Coritiba FBC,Campeonato Brasileiro Série A,31
555040,2026-10-17T22:30:00Z,TIMED,1768,CA Paranaense,1769,SE Palmeiras,Campeonato Brasileiro Série A,31
555049,2026-10-18T00:00:00Z,TIMED,1776,São Paulo FC,1780,CR Vasco da Gama,Campeonato Brasileiro Série A,31
555045,2026-10-18T19:00:00Z,TIMED,1765,Fluminense FC,6685,Santos FC,Campeonato Brasileiro Série A,31
555046,2026-10-18T19:00:00Z,TIMED,1767,Grêmio FBPA,1771,Cruzeiro EC,Campeonato Brasileiro Série A,31
555042,2026-10-18T21:30:00Z,TIMED,1777,EC Bahia,1783,CR Flamengo,Campeonato Brasileiro Série A,31
555048,2026-10-18T22:30:00Z,TIMED,4287,Clube do Remo,4286,RB Bragantino,Campeonato Brasileiro Série A,31
555044,2026-10-19T23:00:00Z,TIMED,1779,SC Corinthians Paulista,1782,EC Vitória,Campeonato Brasileiro Série A,31
