data_hora,fixture_id,liga,pais,jogo,minuto,placar,status,posse_casa,posse_fora,corners_casa,corners_fora,chutes_gol_casa,chutes_gol_fora,chutes_total_casa,chutes_total_fora,amarelos_casa,amarelos_fora,vermelhos_casa,vermelhos_fora,qualidade_coleta,quota_restante,indice_casa,indice_fora,momento_casa,momento_fora,nivel_pressao,time_destaque,indice_destaque,diferenca,dna_pressao,dna_score,dna_motivos,acoes_recentes_destaque,novos_chutes_gol,novos_escanteios,novas_finalizacoes,situacao_placar,elegivel_telegram,motivo_bloqueio,elegivel_v2_sombra,motivo_v2_sombra,elegivel_v3_sombra,motivo_v3_sombra,prioridade_coleta,motivo_prioridade,rastreamento_id,rastreamento_origem_minuto,rastreamento_etapa,curva_pressao,variacao_indice,confirmacao_telegram_enviada
2026-10-03 00:46:07,1493155,Liga Profesional Argentina,Argentina,Boca Juniors x Union Santa Fe,16,0 x 0,1H,69.0,31.0,,,0.0,0.0,2.0,2.0,1.0,0.0,0.0,0.0,MEDIA,7428,53.4,46.6,50.0,50.0,COLETANDO,Boca Juniors,53.4,6.8,EM_FORMAÇÃO,0.0,Aguardando o segundo snapshot,0.0,0.0,0.0,0.0,INDEFINIDA,NÃO,sem janela recente válida; qualidade dos dados abaixo de ALTA; pressão geral COLETANDO; DNA EM_FORMAÇÃO; DNA score abaixo de 60,NÃO,sem janela recente válida; qualidade dos dados abaixo de ALTA; pressão geral COLETANDO; DNA EM_FORMAÇÃO; DNA score abaixo de 60; menos de 4 novas finalizações,NÃO,sem janela recente válida; qualidade dos dados abaixo de ALTA; pressão geral COLETANDO; DNA EM_FORMAÇÃO; DNA score abaixo de 60; não cumpriu minuto até 60 com índice 80+ nem 2 novos escanteios,33.0,minuto útil; liga em exploração,,,,INICIADA,0.0,NÃO
2026-10-03 00:46:07,1493162,Liga Profesional Argentina,Argentina,Independ. Rivadavia x Gimnasia L.P.,16,1 x 0,1H,56.0,44.0,3.0,1.0,1.0,0.0,2.0,1.0,0.0,0.0,0.0,0.0,ALTA,7427,68.3,31.7,50.0,50.0,COLETANDO,Independ. Rivadavia,68.3,36.6,EM_FORMAÇÃO,0.0,Aguardando o segundo snapshot,0.0,0.0,0.0,0.0,INDEFINIDA,NÃO,sem janela recente válida; pressão geral COLETANDO; DNA EM_FORMAÇÃO; DNA score abaixo de 60,NÃO,sem janela recente válida; pressão geral COLETANDO; DNA EM_FORMAÇÃO; DNA score abaixo de 60; menos de 4 novas finalizações,NÃO,sem janela recente válida; pressão geral COLETANDO; DNA EM_FORMAÇÃO; DNA score abaixo de 60; não cumpriu minuto até 60 com índice 80+ nem 2 novos escanteios,33.0,minuto útil; liga em exploração,AFQ-1493162-20261003004607,16,AGUARDANDO_5,INICIADA,0.0,NÃO
2026-10-03 00:46:08,1508564,NWSL Women,USA,Orlando Pride W x San Diego Wave W,36,0 x 2,1H,39.0,61.0,0.0,1.0,2.0,4.0,5.0,6.0,0.0,0.0,0.0,0.0,ALTA,7426,35.2,64.8,50.0,50.0,COLETANDO,San Diego Wave W,64.8,29.6,EM_FORMAÇÃO,0.0,Aguardando o segundo snapshot,0.0,0.0,0.0,0.0,INDEFINIDA,NÃO,sem janela recente válida; pressão geral COLETANDO; DNA EM_FORMAÇÃO; DNA score abaixo de 60,NÃO,sem janela recente válida; pressão geral COLETANDO; DNA EM_FORMAÇÃO; DNA score abaixo de 60; menos de 4 novas finalizações,NÃO,sem janela recente válida; pressão geral COLETANDO; DNA EM_FORMAÇÃO; DNA score abaixo de 60; não cumpriu minuto até 60 com índice 80+ nem 2 novos escanteios,33.0,minuto útil; liga em exploração,AFQ-1508564-20261003004608,36,AGUARDANDO_5,INICIADA,0.0,NÃO
2026-10-03 00:46:08,1619701,Copa de la División Profesional,Bolivia,Real Potosí x Aurora,45,1 x 1,1H,,,,,,,,,,,,,INSUFICIENTE,7425,50.0,50.0,50.0,50.0,PÓS_GOL,Real Potosí,50.0,0.0,EM_FORMAÇÃO,0.0,Aguardando o segundo snapshot,0.0,0.0,0.0,0.0,INDEFINIDA,NÃO,sem janela recente válida; qualidade dos dados abaixo de ALTA; pressão geral PÓS_GOL; DNA EM_FORMAÇÃO; DNA score abaixo de 60,NÃO,sem janela recente válida; qualidade dos dados abaixo de ALTA; pressão geral PÓS_GOL; DNA EM_FORMAÇÃO; DNA score abaixo de 60; menos de 4 novas finalizações,NÃO,sem janela recente válida; qualidade dos dados abaixo de ALTA; pressão geral PÓS_GOL; DNA EM_FORMAÇÃO; DNA score abaixo de 60; não cumpriu minuto até 60 com índice 80+ nem 2 novos escanteios,33.0,minuto útil; liga em exploração,,,,INICIADA,0.0,NÃO
2026-10-03 00:46:09,1638597,Friendlies,World,Colombia x Paraguay,44,0 x 0,1H,48.0,52.0,,,,,0.0,2.0,,,,,INSUFICIENTE,7424,42.6,57.4,50.0,50.0,COLETANDO,Paraguay,57.4,14.8,EM_FORMAÇÃO,0.0,Aguardando o segundo snapshot,0.0,0.0,0.0,0.0,INDEFINIDA,NÃO,sem janela recente válida; qualidade dos dados abaixo de ALTA; pressão geral COLETANDO; DNA EM_FORMAÇÃO; DNA score abaixo de 60,NÃO,sem janela recente válida; qualidade dos dados abaixo de ALTA; pressão geral COLETANDO; DNA EM_FORMAÇÃO; DNA score abaixo de 60; menos de 4 novas finalizações,NÃO,sem janela recente válida; qualidade dos dados abaixo de ALTA; pressão geral COLETANDO; DNA EM_FORMAÇÃO; DNA score abaixo de 60; não cumpriu minuto até 60 com índice 80+ nem 2 novos escanteios,33.0,minuto útil; liga em exploração,,,,INICIADA,0.0,NÃO
2026-10-03 00:46:09,1639978,CONCACAF Nations League,World,Barbados x Bermuda,45,3 x 1,1H,54.0,46.0,2.0,0.0,4.0,1.0,9.0,1.0,1.0,2.0,0.0,0.0,ALTA,7423,71.3,28.7,50.0,50.0,COLETANDO,Barbados,71.3,42.6,EM_FORMAÇÃO,0.0,Aguardando o segundo snapshot,0.0,0.0,0.0,0.0,INDEFINIDA,NÃO,sem janela recente válida; pressão geral COLETANDO; DNA EM_FORMAÇÃO; DNA score abaixo de 60,NÃO,sem janela recente válida; pressão geral COLETANDO; DNA EM_FORMAÇÃO; DNA score abaixo de 60; menos de 4 novas finalizações,NÃO,sem janela recente válida; pressão geral COLETANDO; DNA EM_FORMAÇÃO; DNA score abaixo de 60; não cumpriu minuto até 60 com índice 80+ nem 2 novos escanteios,33.0,minuto útil; liga em exploração,AFQ-1639978-20261003004609,45,AGUARDANDO_5,INICIADA,0.0,NÃO
2026-10-03 00:46:12,1639979,CONCACAF Nations League,World,Bonaire x Grenada,45,2 x 0,1H,37.0,63.0,1.0,4.0,3.0,0.0,6.0,1.0,0.0,1.0,0.0,0.0,ALTA,7421,58.0,42.0,50.0,50.0,COLETANDO,Bonaire,58.0,16.0,EM_FORMAÇÃO,0.0,Aguardando o segundo snapshot,0.0,0.0,0.0,0.0,INDEFINIDA,NÃO,sem janela recente válida; pressão geral COLETANDO; DNA EM_FORMAÇÃO; DNA score abaixo de 60,NÃO,sem janela recente válida; pressão geral COLETANDO; DNA EM_FORMAÇÃO; DNA score abaixo de 60; menos de 4 novas finalizações,NÃO,sem janela recente válida; pressão geral COLETANDO; DNA EM_FORMAÇÃO; DNA score abaixo de 60; não cumpriu minuto até 60 com índice 80+ nem 2 novos escanteios,33.0,minuto útil; liga em exploração,,,,INICIADA,0.0,NÃO
2026-10-03 00:46:12,1639980,CONCACAF Nations League,World,Martinique x Honduras,45,1 x 1,1H,45.0,55.0,3.0,2.0,3.0,2.0,6.0,7.0,1.0,0.0,0.0,0.0,ALTA,7420,52.4,47.6,50.0,50.0,COLETANDO,Martinique,52.4,4.8,EM_FORMAÇÃO,0.0,Aguardando o segundo snapshot,0.0,0.0,0.0,0.0,INDEFINIDA,NÃO,sem janela recente válida; pressão geral COLETANDO; DNA EM_FORMAÇÃO; DNA score abaixo de 60,NÃO,sem janela recente válida; pressão geral COLETANDO; DNA EM_FORMAÇÃO; DNA score abaixo de 60; menos de 4 novas finalizações,NÃO,sem janela recente válida; pressão geral COLETANDO; DNA EM_FORMAÇÃO; DNA score abaixo de 60; não cumpriu minuto até 60 com índice 80+ nem 2 novos escanteios,33.0,minuto útil; liga em exploração,,,,INICIADA,0.0,NÃO
2026-10-03 00:46:13,1520907,Serie B,Brazil,Londrina x Criciuma,53,0 x 2,2H,42.0,58.0,3.0,4.0,2.0,3.0,8.0,11.0,0.0,0.0,0.0,0.0,ALTA,7419,44.1,55.9,50.0,50.0,PÓS_GOL,Criciuma,55.9,11.8,EM_FORMAÇÃO,0.0,Aguardando o segundo snapshot,0.0,0.0,0.0,0.0,INDEFINIDA,NÃO,sem janela recente válida; pressão geral PÓS_GOL; DNA EM_FORMAÇÃO; DNA score abaixo de 60,NÃO,sem janela recente válida; pressão geral PÓS_GOL; DNA EM_FORMAÇÃO; DNA score abaixo de 60; menos de 4 novas finalizações,NÃO,sem janela recente válida; pressão geral PÓS_GOL; DNA EM_FORMAÇÃO; DNA score abaixo de 60; não cumpriu minuto até 60 com índice 80+ nem 2 novos escanteios,33.0,minuto útil; liga em exploração,,,,INICIADA,0.0,NÃO
2026-10-03 00:46:15,1520906,Serie B,Brazil,Juventude x Operario-PR,45,2 x 0,HT,54.0,46.0,3.0,3.0,3.0,2.0,16.0,9.0,2.0,1.0,0.0,0.0,ALTA,7417,54.8,45.2,50.0,50.0,COLETANDO,Juventude,54.8,9.6,EM_FORMAÇÃO,0.0,Aguardando o segundo snapshot,0.0,0.0,0.0,0.0,INDEFINIDA,NÃO,sem janela recente válida; pressão geral COLETANDO; DNA EM_FORMAÇÃO; DNA score abaixo de 60,NÃO,sem janela recente válida; pressão geral COLETANDO; DNA EM_FORMAÇÃO; DNA score abaixo de 60; menos de 4 novas finalizações,NÃO,sem janela recente válida; pressão geral COLETANDO; DNA EM_FORMAÇÃO; DNA score abaixo de 60; não cumpriu minuto até 60 com índice 80+ nem 2 novos escanteios,33.0,minuto útil; liga em exploração,,,,INICIADA,0.0,NÃO
2026-10-03 00:46:16,1492318,Serie A,Brazil,Sao Paulo x Santos,76,1 x 2,2H,60.0,40.0,10.0,0.0,6.0,3.0,15.0,7.0,1.0,2.0,0.0,0.0,ALTA,7416,66.5,33.5,50.0,50.0,COLETANDO,Sao Paulo,66.5,33.0,EM_FORMAÇÃO,0.0,Aguardando o segundo snapshot,0.0,0.0,0.0,0.0,INDEFINIDA,NÃO,sem janela recente válida; pressão geral COLETANDO; DNA EM_FORMAÇÃO; DNA score abaixo de 60,NÃO,sem janela recente válida; pressão geral COLETANDO; DNA EM_FORMAÇÃO; DNA score abaixo de 60; menos de 4 novas finalizações,NÃO,sem janela recente válida; pressão geral COLETANDO; DNA EM_FORMAÇÃO; DNA score abaixo de 60; não cumpriu minuto até 60 com índice 80+ nem 2 novos escanteios,18.0,reta final; liga em exploração,AFQ-1492318-20261003004616,76,AGUARDANDO_5,INICIADA,0.0,NÃO
2026-10-03 00:46:16,1505529,Primera División,Chile,Universidad de Concepcion x Huachipato,84,0 x 1,2H,48.0,52.0,5.0,1.0,2.0,3.0,7.0,8.0,3.0,0.0,1.0,0.0,ALTA,7415,52.9,47.1,50.0,50.0,COLETANDO,Universidad de Concepcion,52.9,5.8,EM_FORMAÇÃO,0.0,Aguardando o segundo snapshot,0.0,0.0,0.0,0.0,INDEFINIDA,NÃO,sem janela recente válida; pressão geral COLETANDO; DNA EM_FORMAÇÃO; DNA score abaixo de 60,NÃO,sem janela recente válida; pressão geral COLETANDO; DNA EM_FORMAÇÃO; DNA score abaixo de 60; menos de 4 novas finalizações,NÃO,sem janela recente válida; pressão geral COLETANDO; DNA EM_FORMAÇÃO; DNA score abaixo de 60; não cumpriu minuto até 60 com índice 80+ nem 2 novos escanteios,18.0,reta final; liga em exploração,,,,INICIADA,0.0,NÃO
2026-10-03 00:46:18,1534098,Northern Super League,Canada,Montreal Roses W x Ottawa Rapid W,78,0 x 0,2H,,,,,,,,,,,,,INSUFICIENTE,7414,50.0,50.0,50.0,50.0,COLETANDO,Montreal Roses W,50.0,0.0,EM_FORMAÇÃO,0.0,Aguardando o segundo snapshot,0.0,0.0,0.0,0.0,INDEFINIDA,NÃO,sem janela recente válida; qualidade dos dados abaixo de ALTA; pressão geral COLETANDO; DNA EM_FORMAÇÃO; DNA score abaixo de 60,NÃO,sem janela recente válida; qualidade dos dados abaixo de ALTA; pressão geral COLETANDO; DNA EM_FORMAÇÃO; DNA score abaixo de 60; menos de 4 novas finalizações,NÃO,sem janela recente válida; qualidade dos dados abaixo de ALTA; pressão geral COLETANDO; DNA EM_FORMAÇÃO; DNA score abaixo de 60; não cumpriu minuto até 60 com índice 80+ nem 2 novos escanteios,18.0,reta final; liga em exploração,,,,INICIADA,0.0,NÃO
2026-10-03 00:46:18,1557211,USL Super League,USA,Brooklyn W x Fort Lauderdale United W,81,1 x 0,2H,,,,,,,,,,,,,INSUFICIENTE,7413,50.0,50.0,50.0,50.0,COLETANDO,Brooklyn W,50.0,0.0,EM_FORMAÇÃO,0.0,Aguardando o segundo snapshot,0.0,0.0,0.0,0.0,INDEFINIDA,NÃO,sem janela recente válida; qualidade dos dados abaixo de ALTA; pressão geral COLETANDO; DNA EM_FORMAÇÃO; DNA score abaixo de 60,NÃO,sem janela recente válida; qualidade dos dados abaixo de ALTA; pressão geral COLETANDO; DNA EM_FORMAÇÃO; DNA score abaixo de 60; menos de 4 novas finalizações,NÃO,sem janela recente válida; qualidade dos dados abaixo de ALTA; pressão geral COLETANDO; DNA EM_FORMAÇÃO; DNA score abaixo de 60; não cumpriu minuto até 60 com índice 80+ nem 2 novos escanteios,18.0,reta final; liga em exploração,,,,INICIADA,0.0,NÃO
2026-10-03 00:46:19,1603381,Liga MX Femenil,Mexico,Santos Laguna W x Puebla W,84,0 x 0,2H,,,,,,,,,,,,,INSUFICIENTE,7412,50.0,50.0,50.0,50.0,COLETANDO,Santos Laguna W,50.0,0.0,EM_FORMAÇÃO,0.0,Aguardando o segundo snapshot,0.0,0.0,0.0,0.0,INDEFINIDA,NÃO,sem janela recente válida; qualidade dos dados abaixo de ALTA; pressão geral COLETANDO; DNA EM_FORMAÇÃO; DNA score abaixo de 60,NÃO,sem janela recente válida; qualidade dos dados abaixo de ALTA; pressão geral COLETANDO; DNA EM_FORMAÇÃO; DNA score abaixo de 60; menos de 4 novas finalizações,NÃO,sem janela recente válida; qualidade dos dados abaixo de ALTA; pressão geral COLETANDO; DNA EM_FORMAÇÃO; DNA score abaixo de 60; não cumpriu minuto até 60 com índice 80+ nem 2 novos escanteios,18.0,reta final; liga em exploração,,,,INICIADA,0.0,NÃO
2026-10-03 00:46:19,1520905,Serie B,Brazil,Fortaleza EC x Nautico Recife,8,0 x 1,1H,53.0,47.0,,,0.0,1.0,1.0,1.0,0.0,0.0,0.0,0.0,MEDIA,7411,40.1,59.9,50.0,50.0,PÓS_GOL,Nautico Recife,59.9,19.8,EM_FORMAÇÃO,0.0,Aguardando o segundo snapshot,0.0,0.0,0.0,0.0,INDEFINIDA,NÃO,sem janela recente válida; qualidade dos dados abaixo de ALTA; pressão geral PÓS_GOL; DNA EM_FORMAÇÃO; DNA score abaixo de 60,NÃO,sem janela recente válida; qualidade dos dados abaixo de ALTA; pressão geral PÓS_GOL; DNA EM_FORMAÇÃO; DNA score abaixo de 60; menos de 4 novas finalizações,NÃO,sem janela recente válida; qualidade dos dados abaixo de ALTA; pressão geral PÓS_GOL; DNA EM_FORMAÇÃO; DNA score abaixo de 60; não cumpriu minuto até 60 com índice 80+ nem 2 novos escanteios,8.0,liga em exploração,,,,INICIADA,0.0,NÃO
